INSERT INTO  PROJECT VALUES('Proj0', 'Android', 'Major');
INSERT INTO  PROJECT VALUES('Proj1', 'Cryptography', 'Major');
INSERT INTO  PROJECT VALUES('Proj2', 'Android', 'Minor');
INSERT INTO  PROJECT VALUES('Proj3', 'ML', 'Minor');
INSERT INTO  PROJECT VALUES('Proj4', 'ML', 'Minor');
INSERT INTO  PROJECT VALUES('Proj5', 'Android', 'Major');
INSERT INTO  PROJECT VALUES('Proj6', 'ML', 'Major');
INSERT INTO  PROJECT VALUES('Proj7', 'Android', 'Minor');
INSERT INTO  PROJECT VALUES('Proj8', 'Cryptography', 'Minor');
INSERT INTO  PROJECT VALUES('Proj9', 'Cryptography', 'Minor');
INSERT INTO  PROJECT VALUES('Proj10', 'ML', 'Major');
INSERT INTO  PROJECT VALUES('Proj11', 'Android', 'Major');
INSERT INTO  PROJECT VALUES('Proj12', 'ML', 'Minor');
INSERT INTO  PROJECT VALUES('Proj13', 'DIP', 'Major');
INSERT INTO  PROJECT VALUES('Proj14', 'ML', 'Major');
INSERT INTO  PROJECT VALUES('Proj15', 'DIP', 'Major');
INSERT INTO  PROJECT VALUES('Proj16', 'Android', 'Minor');
INSERT INTO  PROJECT VALUES('Proj17', 'DIP', 'Major');
INSERT INTO  PROJECT VALUES('Proj18', 'Android', 'Minor');
INSERT INTO  PROJECT VALUES('Proj19', 'Android', 'Minor');
INSERT INTO  PROJECT VALUES('Proj20', 'ML', 'Major');
INSERT INTO  PROJECT VALUES('Proj21', 'DIP', 'Minor');
INSERT INTO  PROJECT VALUES('Proj22', 'DIP', 'Major');
INSERT INTO  PROJECT VALUES('Proj23', 'Android', 'Major');
INSERT INTO  PROJECT VALUES('Proj24', 'ML', 'Minor');
INSERT INTO  PROJECT VALUES('Proj25', 'ML', 'Major');
INSERT INTO  PROJECT VALUES('Proj26', 'Android', 'Major');
INSERT INTO  PROJECT VALUES('Proj27', 'Cryptography', 'Major');
INSERT INTO  PROJECT VALUES('Proj28', 'Cryptography', 'Major');
INSERT INTO  PROJECT VALUES('Proj29', 'ML', 'Minor');
INSERT INTO  PROJECT VALUES('Proj30', 'Android', 'Major');
INSERT INTO  PROJECT VALUES('Proj31', 'DIP', 'Major');
INSERT INTO  PROJECT VALUES('Proj32', 'Cryptography', 'Major');
INSERT INTO  PROJECT VALUES('Proj33', 'ML', 'Minor');
INSERT INTO  PROJECT VALUES('Proj34', 'Cryptography', 'Major');
INSERT INTO  PROJECT VALUES('Proj35', 'Cryptography', 'Minor');
INSERT INTO  PROJECT VALUES('Proj36', 'ML', 'Major');
INSERT INTO  PROJECT VALUES('Proj37', 'Cryptography', 'Major');
INSERT INTO  PROJECT VALUES('Proj38', 'ML', 'Major');
INSERT INTO  PROJECT VALUES('Proj39', 'ML', 'Minor');
INSERT INTO  PROJECT VALUES('Proj40', 'DIP', 'Minor');
INSERT INTO  PROJECT VALUES('Proj41', 'Android', 'Major');
INSERT INTO  PROJECT VALUES('Proj42', 'Cryptography', 'Major');
INSERT INTO  PROJECT VALUES('Proj43', 'Android', 'Minor');
INSERT INTO  PROJECT VALUES('Proj44', 'DIP', 'Minor');
INSERT INTO  PROJECT VALUES('Proj45', 'DIP', 'Major');
INSERT INTO  PROJECT VALUES('Proj46', 'Android', 'Major');
INSERT INTO  PROJECT VALUES('Proj47', 'Android', 'Minor');
INSERT INTO  PANEL VALUES('P117', 3);
INSERT INTO  PANEL VALUES('P197', 3);
INSERT INTO  PANEL VALUES('P190', 3);
INSERT INTO  PANEL VALUES('P178', 4);
INSERT INTO  PANEL VALUES('P135', 4);
INSERT INTO  PANEL VALUES('P148', 3);
INSERT INTO  PANEL VALUES('P122', 3);
INSERT INTO  PANEL VALUES('P137', 4);
INSERT INTO  PANEL VALUES('P123', 3);
INSERT INTO  PANEL VALUES('P126', 3);
INSERT INTO  PANEL VALUES('P119', 3);
INSERT INTO  PANEL VALUES('P114', 4);
INSERT INTO  PANEL VALUES('P175', 4);
INSERT INTO  PANEL VALUES('P132', 3);
INSERT INTO  PANEL VALUES('P128', 3);
INSERT INTO  PANEL VALUES('P177', 3);
INSERT INTO  PANEL VALUES('P173', 4);
INSERT INTO  PANEL VALUES('P151', 3);
INSERT INTO  PANEL VALUES('P142', 3);
INSERT INTO  PANEL VALUES('P180', 3);
INSERT INTO  PANEL VALUES('P134', 4);
INSERT INTO  PANEL VALUES('P140', 4);
INSERT INTO  PANEL VALUES('P184', 3);
INSERT INTO  PANEL VALUES('P125', 4);
INSERT INTO  PANEL VALUES('P118', 4);
INSERT INTO  PANEL VALUES('P166', 3);
INSERT INTO  PANEL VALUES('P15', 3);
INSERT INTO  PANEL VALUES('P16', 4);
INSERT INTO  PANEL VALUES('P153', 4);
INSERT INTO  PANEL VALUES('P146', 4);
INSERT INTO  PANEL VALUES('P155', 4);
INSERT INTO  PANEL VALUES('P160', 4);
INSERT INTO  PANEL VALUES('P115', 3);
INSERT INTO  PANEL VALUES('P162', 3);
INSERT INTO  PANEL VALUES('P189', 4);
INSERT INTO  PANEL VALUES('P161', 3);
INSERT INTO  PANEL VALUES('P111', 4);
INSERT INTO  PANEL VALUES('P113', 4);
INSERT INTO  PANEL VALUES('P188', 4);
INSERT INTO  PANEL VALUES('P196', 4);
INSERT INTO  PANEL VALUES('P193', 3);
INSERT INTO  PANEL VALUES('P121', 4);
INSERT INTO  PANEL VALUES('P174', 4);
INSERT INTO  PANEL VALUES('P18', 4);
INSERT INTO  PANEL VALUES('P163', 4);
INSERT INTO  PANEL VALUES('P133', 3);
INSERT INTO  PANEL VALUES('P136', 3);
INSERT INTO  PANEL VALUES('P182', 3);

INSERT INTO  TEACHER VALUES('Valentina T.', 'T0148');
INSERT INTO  TEACHER VALUES('Blaire N.', 'T0138');
INSERT INTO  TEACHER VALUES('Katelyn O.', 'T0197');
INSERT INTO  TEACHER VALUES('Erica E.', 'T0159');
INSERT INTO  TEACHER VALUES('Chandler Z.', 'T0013');
INSERT INTO  TEACHER VALUES('Aubrie I.', 'T0181');
INSERT INTO  TEACHER VALUES('Lexie M.', 'T0167');
INSERT INTO  TEACHER VALUES('Kynlee B.', 'T0031');
INSERT INTO  TEACHER VALUES('Kai W.', 'T0155');
INSERT INTO  TEACHER VALUES('Jazlyn C.', 'T0061');
INSERT INTO  TEACHER VALUES('Marina I.', 'T0164');
INSERT INTO  TEACHER VALUES('Lucia T.', 'T0151');
INSERT INTO  TEACHER VALUES('Raquel I.', 'T0132');
INSERT INTO  TEACHER VALUES('Wren L.', 'T0080');
INSERT INTO  TEACHER VALUES('Adelaide E.', 'T0004');
INSERT INTO  TEACHER VALUES('Teresa K.', 'T0177');
INSERT INTO  TEACHER VALUES('Josie L.', 'T0051');
INSERT INTO  TEACHER VALUES('Lorelai V.', 'T0176');
INSERT INTO  TEACHER VALUES('Julie C.', 'T0199');
INSERT INTO  TEACHER VALUES('Emely O.', 'T0150');
INSERT INTO  TEACHER VALUES('Maliah L.', 'T0127');
INSERT INTO  TEACHER VALUES('Alejandra C.', 'T0094');
INSERT INTO  TEACHER VALUES('Charley Q.', 'T0069');
INSERT INTO  TEACHER VALUES('Rhea R.', 'T0175');
INSERT INTO  TEACHER VALUES('Hadleigh Z.', 'T0054');
INSERT INTO  TEACHER VALUES('Hadleigh V.', 'T0071');
INSERT INTO  TEACHER VALUES('Addison L.', 'T0092');
INSERT INTO  TEACHER VALUES('Amelie Q.', 'T0196');
INSERT INTO  TEACHER VALUES('Grace U.', 'T0193');
INSERT INTO  TEACHER VALUES('Aadhya A.', 'T0007');
INSERT INTO  TEACHER VALUES('Alaina A.', 'T0118');
INSERT INTO  TEACHER VALUES('Monroe T.', 'T0146');
INSERT INTO  TEACHER VALUES('Evangeline D.', 'T0056');
INSERT INTO  TEACHER VALUES('Kaylynn P.', 'T0075');
INSERT INTO  TEACHER VALUES('Amani C.', 'T0089');
INSERT INTO  TEACHER VALUES('Cassandra D.', 'T0156');
INSERT INTO  TEACHER VALUES('Stephanie E.', 'T0122');
INSERT INTO  TEACHER VALUES('Courtney K.', 'T0124');
INSERT INTO  TEACHER VALUES('Genevieve A.', 'T0152');
INSERT INTO  TEACHER VALUES('Jocelyn H.', 'T0137');
INSERT INTO  TEACHER VALUES('Ivanna G.', 'T0168');
INSERT INTO  TEACHER VALUES('Rylie N.', 'T0198');
INSERT INTO  TEACHER VALUES('Alia R.', 'T0194');
INSERT INTO  TEACHER VALUES('Brittany R.', 'T0136');
INSERT INTO  TEACHER VALUES('Maggie P.', 'T0128');
INSERT INTO  TEACHER VALUES('Maleah E.', 'T0003');
INSERT INTO  TEACHER VALUES('Liana K.', 'T0005');
INSERT INTO  TEACHER VALUES('Kaylynn A.', 'T0032');
INSERT INTO  TEACHER VALUES('Melany P.', 'T0060');
INSERT INTO  TEACHER VALUES('Arely V.', 'T0183');
INSERT INTO  TEACHER VALUES('Juliette O.', 'T0135');
INSERT INTO  TEACHER VALUES('Lillian G.', 'T0106');
INSERT INTO  TEACHER VALUES('Samara U.', 'T0093');
INSERT INTO  TEACHER VALUES('Charley S.', 'T0147');
INSERT INTO  TEACHER VALUES('Adriana B.', 'T0129');
INSERT INTO  TEACHER VALUES('Khloe K.', 'T0095');
INSERT INTO  TEACHER VALUES('Azaria U.', 'T0171');
INSERT INTO  TEACHER VALUES('Miracle D.', 'T0081');
INSERT INTO  TEACHER VALUES('Jordan U.', 'T0049');
INSERT INTO  TEACHER VALUES('Finley X.', 'T0153');
INSERT INTO  TEACHER VALUES('Aubree O.', 'T0030');
INSERT INTO  TEACHER VALUES('Melody I.', 'T0103');
INSERT INTO  TEACHER VALUES('Sara M.', 'T0117');
INSERT INTO  TEACHER VALUES('Maryam G.', 'T0131');
INSERT INTO  TEACHER VALUES('Willa Z.', 'T0063');
INSERT INTO  TEACHER VALUES('Emmalyn F.', 'T0001');
INSERT INTO  TEACHER VALUES('Cherish C.', 'T0113');
INSERT INTO  TEACHER VALUES('Emilie Y.', 'T0070');
INSERT INTO  TEACHER VALUES('Janiyah I.', 'T0018');
INSERT INTO  TEACHER VALUES('Fernanda G.', 'T0096');
INSERT INTO  TEACHER VALUES('Brooklynn X.', 'T0101');
INSERT INTO  TEACHER VALUES('Rowan N.', 'T0035');
INSERT INTO  TEACHER VALUES('Aviana K.', 'T0165');
INSERT INTO  TEACHER VALUES('Judith C.', 'T0077');
INSERT INTO  TEACHER VALUES('Aileen Y.', 'T0078');
INSERT INTO  TEACHER VALUES('Arden Y.', 'T0045');
INSERT INTO  TEACHER VALUES('Ryleigh V.', 'T0014');
INSERT INTO  TEACHER VALUES('Adeline B.', 'T0041');
INSERT INTO  TEACHER VALUES('Raquel T.', 'T0040');
INSERT INTO  TEACHER VALUES('Liv A.', 'T0143');
INSERT INTO  TEACHER VALUES('Gracie V.', 'T0062');
INSERT INTO  TEACHER VALUES('Emmy Z.', 'T0157');
INSERT INTO  TEACHER VALUES('Noor O.', 'T0178');
INSERT INTO  TEACHER VALUES('Blakely Q.', 'T0108');
INSERT INTO  TEACHER VALUES('Hannah J.', 'T0043');
INSERT INTO  TEACHER VALUES('Daphne Y.', 'T0026');
INSERT INTO  TEACHER VALUES('Shayla X.', 'T0149');
INSERT INTO  TEACHER VALUES('Micah R.', 'T0160');
INSERT INTO  TEACHER VALUES('Ellie A.', 'T0012');
INSERT INTO  TEACHER VALUES('Saige E.', 'T0145');
INSERT INTO  TEACHER VALUES('Charlee F.', 'T0104');
INSERT INTO  TEACHER VALUES('Brynlee Z.', 'T0091');
INSERT INTO  TEACHER VALUES('Ryleigh D.', 'T0066');
INSERT INTO  TEACHER VALUES('Chana M.', 'T0189');
INSERT INTO  TEACHER VALUES('Raina T.', 'T0110');
INSERT INTO  TEACHER VALUES('Leilani G.', 'T0085');
INSERT INTO  TEACHER VALUES('Jamie A.', 'T0187');
INSERT INTO  TEACHER VALUES('Kiara D.', 'T0161');
INSERT INTO  TEACHER VALUES('Charleigh B.', 'T0105');
INSERT INTO  TEACHER VALUES('Abigail O.', 'T0186');


INSERT INTO  Team VALUES('2659', 2, 'P117');
INSERT INTO  Team VALUES('1208', 2, 'P197');
INSERT INTO  Team VALUES('2834', 3, 'P190');
INSERT INTO  Team VALUES('2858', 3, 'P178');
INSERT INTO  Team VALUES('1847', 3, 'P135');
INSERT INTO  Team VALUES('2718', 2, 'P148');
INSERT INTO  Team VALUES('2618', 2, 'P122');
INSERT INTO  Team VALUES('1482', 2, 'P137');
INSERT INTO  Team VALUES('1924', 3, 'P123');
INSERT INTO  Team VALUES('1907', 2, 'P126');
INSERT INTO  Team VALUES('1897', 3, 'P119');
INSERT INTO  Team VALUES('1544', 3, 'P114');
INSERT INTO  Team VALUES('2052', 2, 'P175');
INSERT INTO  Team VALUES('2055', 2, 'P132');
INSERT INTO  Team VALUES('1731', 3, 'P128');
INSERT INTO  Team VALUES('2560', 2, 'P177');
INSERT INTO  Team VALUES('2303', 3, 'P173');
INSERT INTO  Team VALUES('2667', 2, 'P151');
INSERT INTO  Team VALUES('1444', 3, 'P142');
INSERT INTO  Team VALUES('1520', 3, 'P180');
INSERT INTO  Team VALUES('1527', 2, 'P134');
INSERT INTO  Team VALUES('1014', 2, 'P140');
INSERT INTO  Team VALUES('2366', 2, 'P184');
INSERT INTO  Team VALUES('1393', 2, 'P125');
INSERT INTO  Team VALUES('2013', 2, 'P118');
INSERT INTO  Team VALUES('2074', 2, 'P166');
INSERT INTO  Team VALUES('1095', 3, 'P15');
INSERT INTO  Team VALUES('1155', 3, 'P16');
INSERT INTO  Team VALUES('1851', 2, 'P153');
INSERT INTO  Team VALUES('1355', 3, 'P146');
INSERT INTO  Team VALUES('1633', 2, 'P155');
INSERT INTO  Team VALUES('2777', 3, 'P160');
INSERT INTO  Team VALUES('1917', 3, 'P115');
INSERT INTO  Team VALUES('1043', 3, 'P162');
INSERT INTO  Team VALUES('2089', 3, 'P189');
INSERT INTO  Team VALUES('2271', 3, 'P161');
INSERT INTO  Team VALUES('1039', 3, 'P111');
INSERT INTO  Team VALUES('2492', 2, 'P113');
INSERT INTO  Team VALUES('1029', 2, 'P188');
INSERT INTO  Team VALUES('2494', 3, 'P196');
INSERT INTO  Team VALUES('1472', 2, 'P193');
INSERT INTO  Team VALUES('2006', 2, 'P121');
INSERT INTO  Team VALUES('2259', 2, 'P174');
INSERT INTO  Team VALUES('2676', 2, 'P18');
INSERT INTO  Team VALUES('1385', 2, 'P163');
INSERT INTO  Team VALUES('1571', 3, 'P133');
INSERT INTO  Team VALUES('1004', 3, 'P136');
INSERT INTO  Team VALUES('1002', 3, 'P182');

INSERT INTO  Student VALUES('Emmalyn', 'W.', 'W.', 'PES120170974', 8.20, '1444');
INSERT INTO  Student VALUES('Jaycee', 'U.', 'M.', 'PES1201701654', 7.54, '1444');
INSERT INTO  Student VALUES('Jolie', 'B.', 'P.', 'PES1201701069', 9.60, '1444');
INSERT INTO  Student VALUES('Yasmin', 'P.', 'J.', 'PES1201700885', 8.88, '1924');
INSERT INTO  Student VALUES('Lilith', 'S.', 'D.', 'PES1201700155', 9.59, '1924');
INSERT INTO  Student VALUES('Adelina', 'Y.', 'T.', 'PES1201700274', 9.88, '1924');
INSERT INTO  Student VALUES('Blakely', 'F.', 'J.', 'PES1201700896', 6.20, '2259');
INSERT INTO  Student VALUES('Lennox', 'G.', 'X.', 'PES1201701571', 9.80, '2259');
INSERT INTO  Student VALUES('Amani', 'V.', 'P.', 'PES1201701866', 9.89, '2055');
INSERT INTO  Student VALUES('Alanna', 'O.', 'U.', 'PES1201700624', 6.39, '2055');
INSERT INTO  Student VALUES('Autumn', 'I.', 'H.', 'PES1201700466', 6.03, '1095');
INSERT INTO  Student VALUES('Marjorie', 'V.', 'N.', 'PES1201700874', 6.65, '1095');
INSERT INTO  Student VALUES('Rosie', 'B.', 'G.', 'PES1201701285', 9.61, '1095');
INSERT INTO  Student VALUES('Alyvia', 'E.', 'S.', 'PES1201700569', 9.35, '2074');
INSERT INTO  Student VALUES('Yasmin', 'J.', 'N.', 'PES1201700808', 9.71, '2074');
INSERT INTO  Student VALUES('Reagan', 'V.', 'W.', 'PES1201701637', 9.15, '2013');
INSERT INTO  Student VALUES('Janiyah', 'Z.', 'Y.', 'PES1201700809', 9.40, '2013');
INSERT INTO  Student VALUES('Calliope', 'J.', 'K.', 'PES1201701787', 6.58, '2659');
INSERT INTO  Student VALUES('Princess', 'D.', 'C.', 'PES1201701133', 6.97, '2659');
INSERT INTO  Student VALUES('Emmaline', 'U.', 'T.', 'PES1201700326', 9.25, '1029');
INSERT INTO  Student VALUES('Amaya', 'H.', 'K.', 'PES1201701112', 6.42, '1029');
INSERT INTO  Student VALUES('Addisyn', 'L.', 'U.', 'PES1201701875', 8.38, '2560');
INSERT INTO  Student VALUES('Cecelia', 'A.', 'B.', 'PES1201701406', 7.44, '2560');
INSERT INTO  Student VALUES('Josie', 'J.', 'Q.', 'PES1201700536', 9.29, '1393');
INSERT INTO  Student VALUES('Danna', 'F.', 'U.', 'PES1201700328', 5.65, '1393');
INSERT INTO  Student VALUES('Nova', 'Y.', 'O.', 'PES1201701727', 9.39, '1355');
INSERT INTO  Student VALUES('Marianna', 'J.', 'P.', 'PES1201700936', 8.40, '1355');
INSERT INTO  Student VALUES('Mya', 'Q.', 'P.', 'PES1201701909', 9.64, '1355');
INSERT INTO  Student VALUES('Ashlynn', 'L.', 'J.', 'PES1201700182', 5.71, '1897');
INSERT INTO  Student VALUES('Madeline', 'C.', 'N.', 'PES1201700299', 8.58, '1897');
INSERT INTO  Student VALUES('Alannah', 'M.', 'K.', 'PES1201700062', 8.24, '1897');
INSERT INTO  Student VALUES('Kinslee', 'T.', 'Y.', 'PES1201700666', 7.04, '2494');
INSERT INTO  Student VALUES('Journey', 'T.', 'T.', 'PES1201701736', 8.27, '2494');
INSERT INTO  Student VALUES('Brinley', 'N.', 'C.', 'PES1201700135', 9.38, '2494');
INSERT INTO  Student VALUES('Malaya', 'T.', 'H.', 'PES1201700720', 6.70, '2006');
INSERT INTO  Student VALUES('June', 'R.', 'R.', 'PES1201701302', 6.76, '2006');
INSERT INTO  Student VALUES('Magnolia', 'A.', 'O.', 'PES1201700744', 5.87, '2667');
INSERT INTO  Student VALUES('Ramona', 'Y.', 'H.', 'PES1201701002', 7.21, '2667');
INSERT INTO  Student VALUES('Aliana', 'T.', 'E.', 'PES1201701156', 7.03, '1004');
INSERT INTO  Student VALUES('Maeve', 'J.', 'W.', 'PES1201700793', 7.83, '1004');
INSERT INTO  Student VALUES('Jemma', 'A.', 'Q.', 'PES1201701206', 6.67, '1004');
INSERT INTO  Student VALUES('Clarissa', 'T.', 'F.', 'PES1201701274', 9.11, '2303');
INSERT INTO  Student VALUES('Selah', 'X.', 'X.', 'PES1201701137', 9.15, '2303');
INSERT INTO  Student VALUES('Kassandra', 'Z.', 'J.', 'PES1201700558', 9.13, '2303');
INSERT INTO  Student VALUES('Alana', 'N.', 'L.', 'PES1201700349', 5.85, '1002');
INSERT INTO  Student VALUES('Alaya', 'E.', 'H.', 'PES1201701574', 9.35, '1002');
INSERT INTO  Student VALUES('Hazel', 'L.', 'E.', 'PES1201701751', 8.31, '1002');
INSERT INTO  Student VALUES('Mariam', 'O.', 'Y.', 'PES1201700316', 8.02, '1907');
INSERT INTO  Student VALUES('Dayana', 'J.', 'I.', 'PES1201700227', 7.92, '1907');
INSERT INTO  Student VALUES('Bethany', 'V.', 'X.', 'PES1201700055', 6.80, '1014');
INSERT INTO  Student VALUES('Addyson', 'A.', 'P.', 'PES1201700443', 7.35, '1014');
INSERT INTO  Student VALUES('Lana', 'C.', 'V.', 'PES1201701528', 8.58, '2858');
INSERT INTO  Student VALUES('Emilie', 'K.', 'T.', 'PES1201701350', 9.76, '2858');
INSERT INTO  Student VALUES('Judith', 'G.', 'O.', 'PES1201701375', 5.92, '2858');
INSERT INTO  Student VALUES('Aliana', 'K.', 'E.', 'PES1201700044', 9.59, '2052');
INSERT INTO  Student VALUES('Kamryn', 'X.', 'T.', 'PES1201700263', 7.36, '2052');
INSERT INTO  Student VALUES('Destiny', 'Y.', 'T.', 'PES1201701189', 8.41, '1482');
INSERT INTO  Student VALUES('Danna', 'O.', 'U.', 'PES1201700425', 6.68, '1482');
INSERT INTO  Student VALUES('Aranza', 'O.', 'B.', 'PES1201700644', 8.55, '2492');
INSERT INTO  Student VALUES('Hadlee', 'P.', 'W.', 'PES1201700736', 9.37, '2492');
INSERT INTO  Student VALUES('Zendaya', 'T.', 'E.', 'PES1201701717', 7.25, '2618');
INSERT INTO  Student VALUES('Catalina', 'N.', 'G.', 'PES1201701732', 9.18, '2618');
INSERT INTO  Student VALUES('Natalie', 'U.', 'S.', 'PES1201701269', 5.72, '1385');
INSERT INTO  Student VALUES('Fiona', 'Z.', 'W.', 'PES1201701942', 9.52, '1385');
INSERT INTO  Student VALUES('Reign', 'F.', 'M.', 'PES1201701485', 8.28, '1208');
INSERT INTO  Student VALUES('Ellianna', 'R.', 'R.', 'PES1201700610', 5.57, '1208');
INSERT INTO  Student VALUES('Madyson', 'O.', 'P.', 'PES1201701572', 9.75, '1472');
INSERT INTO  Student VALUES('Taliyah', 'Q.', 'S.', 'PES1201700884', 8.67, '1472');
INSERT INTO  Student VALUES('Mallory', 'T.', 'I.', 'PES1201700119', 7.77, '1043');
INSERT INTO  Student VALUES('Aileen', 'K.', 'V.', 'PES1201700459', 9.58, '1043');
INSERT INTO  Student VALUES('Maylee', 'Z.', 'W.', 'PES1201701796', 7.88, '1043');
INSERT INTO  Student VALUES('Heather', 'D.', 'B.', 'PES1201701801', 6.50, '1039');
INSERT INTO  Student VALUES('Molly', 'H.', 'G.', 'PES1201700785', 9.10, '1039');
INSERT INTO  Student VALUES('Lyra', 'P.', 'M.', 'PES1201700865', 9.43, '1039');
INSERT INTO  Student VALUES('Ann', 'U.', 'T.', 'PES1201700745', 9.02, '1544');
INSERT INTO  Student VALUES('Valeria', 'J.', 'S.', 'PES1201701314', 5.78, '1544');
INSERT INTO  Student VALUES('Lisa', 'W.', 'B.', 'PES1201700301', 9.80, '1544');
INSERT INTO  Student VALUES('Mercy', 'D.', 'F.', 'PES1201701834', 6.60, '1527');
INSERT INTO  Student VALUES('Zaylee', 'F.', 'X.', 'PES1201700972', 6.94, '1527');
INSERT INTO  Student VALUES('Ashley', 'H.', 'V.', 'PES1201701338', 6.28, '1155');
INSERT INTO  Student VALUES('Rose', 'C.', 'D.', 'PES1201701171', 7.12, '1155');
INSERT INTO  Student VALUES('Milani', 'I.', 'R.', 'PES1201701541', 6.92, '1155');
INSERT INTO  Student VALUES('Luciana', 'P.', 'P.', 'PES1201701358', 9.91, '2777');
INSERT INTO  Student VALUES('Melany', 'Y.', 'E.', 'PES1201701857', 6.72, '2777');
INSERT INTO  Student VALUES('Cassandra', 'J.', 'N.', 'PES1201700605', 8.70, '2777');
INSERT INTO  Student VALUES('Aspen', 'G.', 'J.', 'PES1201700882', 5.83, '2834');
INSERT INTO  Student VALUES('Milani', 'A.', 'E.', 'PES1201700646', 7.61, '2834');
INSERT INTO  Student VALUES('Amaya', 'G.', 'A.', 'PES1201700944', 9.45, '2834');
INSERT INTO  Student VALUES('Kaya', 'E.', 'C.', 'PES1201700854', 6.65, '2718');
INSERT INTO  Student VALUES('Aadhya', 'G.', 'P.', 'PES1201701286', 5.88, '2718');
INSERT INTO  Student VALUES('Ruby', 'U.', 'Y.', 'PES1201701113', 9.61, '2676');
INSERT INTO  Student VALUES('Sarai', 'R.', 'N.', 'PES1201701494', 8.83, '2676');
INSERT INTO  Student VALUES('Teagan', 'B.', 'K.', 'PES1201700202', 8.44, '1520');
INSERT INTO  Student VALUES('Yamileth', 'Y.', 'W.', 'PES1201701625', 9.90, '1520');
INSERT INTO  Student VALUES('Malia', 'O.', 'E.', 'PES1201701614', 6.92, '1520');
INSERT INTO  Student VALUES('Katherine', 'F.', 'Q.', 'PES1201700026', 9.52, '1847');
INSERT INTO  Student VALUES('Francesca', 'V.', 'R.', 'PES1201700179', 6.92, '1847');
INSERT INTO  Student VALUES('Aryana', 'U.', 'X.', 'PES1201701578', 7.56, '1847');
INSERT INTO  Student VALUES('Clarissa', 'P.', 'Z.', 'PES1201700562', 7.44, '1917');
INSERT INTO  Student VALUES('Brinley', 'S.', 'A.', 'PES1201701343', 7.94, '1917');
INSERT INTO  Student VALUES('Isabela', 'Q.', 'F.', 'PES1201700463', 9.72, '1917');
INSERT INTO  Student VALUES('Hailee', 'W.', 'B.', 'PES1201701192', 7.22, '1731');
INSERT INTO  Student VALUES('Katalina', 'Y.', 'Y.', 'PES1201701478', 7.80, '1731');
INSERT INTO  Student VALUES('Alejandra', 'D.', 'W.', 'PES1201700834', 6.31, '1731');
INSERT INTO  Student VALUES('Blake', 'C.', 'Y.', 'PES1201701203', 8.07, '2271');
INSERT INTO  Student VALUES('Emmie', 'T.', 'C.', 'PES1201701076', 5.82, '2271');
INSERT INTO  Student VALUES('Jazlynn', 'G.', 'D.', 'PES1201701973', 9.78, '2271');
INSERT INTO  Student VALUES('Tatiana', 'R.', 'U.', 'PES1201700253', 6.35, '1571');
INSERT INTO  Student VALUES('Celine', 'L.', 'E.', 'PES1201700079', 9.26, '1571');
INSERT INTO  Student VALUES('Presley', 'E.', 'S.', 'PES1201701771', 7.29, '1571');
INSERT INTO  Student VALUES('Harmoni', 'Z.', 'W.', 'PES1201701135', 7.50, '2089');
INSERT INTO  Student VALUES('Brynlee', 'L.', 'L.', 'PES1201700994', 8.07, '2089');
INSERT INTO  Student VALUES('Kynlee', 'V.', 'V.', 'PES1201701339', 9.70, '2089');
INSERT INTO  Student VALUES('Azalea', 'S.', 'U.', 'PES1201701010', 9.73, '2366');
INSERT INTO  Student VALUES('Renata', 'E.', 'D.', 'PES1201700842', 8.27, '2366');
INSERT INTO  Student VALUES('Haylee', 'Y.', 'A.', 'PES1201701056', 7.54, '1851');
INSERT INTO  Student VALUES('Giselle', 'N.', 'U.', 'PES1201700563', 5.50, '1851');
INSERT INTO  Student VALUES('Ann', 'J.', 'F.', 'PES1201700229', 8.85, '1633');
INSERT INTO  Student VALUES('Jayden', 'S.', 'C.', 'PES1201701660', 7.96, '1633');
INSERT INTO  Student VALUES('Everly', 'Q.', 'M.', 'PES1201700357', 9.73, '1633');



INSERT INTO  WORKS_ON VALUES('2659', 'T0148', 'Proj0');
INSERT INTO  WORKS_ON VALUES('1208', 'T0138', 'Proj1');
INSERT INTO  WORKS_ON VALUES('2834', 'T0197', 'Proj2');
INSERT INTO  WORKS_ON VALUES('2858', 'T0159', 'Proj3');
INSERT INTO  WORKS_ON VALUES('1847', 'T0013', 'Proj4');
INSERT INTO  WORKS_ON VALUES('2718', 'T0181', 'Proj5');
INSERT INTO  WORKS_ON VALUES('2618', 'T0167', 'Proj6');
INSERT INTO  WORKS_ON VALUES('1482', 'T0031', 'Proj7');
INSERT INTO  WORKS_ON VALUES('1924', 'T0155', 'Proj8');
INSERT INTO  WORKS_ON VALUES('1907', 'T0061', 'Proj9');
INSERT INTO  WORKS_ON VALUES('1897', 'T0164', 'Proj10');
INSERT INTO  WORKS_ON VALUES('1544', 'T0151', 'Proj11');
INSERT INTO  WORKS_ON VALUES('2052', 'T0132', 'Proj12');
INSERT INTO  WORKS_ON VALUES('2055', 'T0080', 'Proj13');
INSERT INTO  WORKS_ON VALUES('1731', 'T0004', 'Proj14');
INSERT INTO  WORKS_ON VALUES('2560', 'T0177', 'Proj15');
INSERT INTO  WORKS_ON VALUES('2303', 'T0051', 'Proj16');
INSERT INTO  WORKS_ON VALUES('2667', 'T0176', 'Proj17');
INSERT INTO  WORKS_ON VALUES('1444', 'T0199', 'Proj18');
INSERT INTO  WORKS_ON VALUES('1520', 'T0150', 'Proj19');
INSERT INTO  WORKS_ON VALUES('1527', 'T0127', 'Proj20');
INSERT INTO  WORKS_ON VALUES('1014', 'T0094', 'Proj21');
INSERT INTO  WORKS_ON VALUES('2366', 'T0069', 'Proj22');
INSERT INTO  WORKS_ON VALUES('1393', 'T0175', 'Proj23');
INSERT INTO  WORKS_ON VALUES('2013', 'T0054', 'Proj24');
INSERT INTO  WORKS_ON VALUES('2074', 'T0071', 'Proj25');
INSERT INTO  WORKS_ON VALUES('1095', 'T0092', 'Proj26');
INSERT INTO  WORKS_ON VALUES('1155', 'T0196', 'Proj27');
INSERT INTO  WORKS_ON VALUES('1851', 'T0193', 'Proj28');
INSERT INTO  WORKS_ON VALUES('1355', 'T0007', 'Proj29');
INSERT INTO  WORKS_ON VALUES('1633', 'T0118', 'Proj30');
INSERT INTO  WORKS_ON VALUES('2777', 'T0146', 'Proj31');
INSERT INTO  WORKS_ON VALUES('1917', 'T0056', 'Proj32');
INSERT INTO  WORKS_ON VALUES('1043', 'T0075', 'Proj33');
INSERT INTO  WORKS_ON VALUES('2089', 'T0089', 'Proj34');
INSERT INTO  WORKS_ON VALUES('2271', 'T0156', 'Proj35');
INSERT INTO  WORKS_ON VALUES('1039', 'T0122', 'Proj36');
INSERT INTO  WORKS_ON VALUES('2492', 'T0124', 'Proj37');
INSERT INTO  WORKS_ON VALUES('1029', 'T0152', 'Proj38');
INSERT INTO  WORKS_ON VALUES('2494', 'T0137', 'Proj39');
INSERT INTO  WORKS_ON VALUES('1472', 'T0168', 'Proj40');
INSERT INTO  WORKS_ON VALUES('2006', 'T0198', 'Proj41');
INSERT INTO  WORKS_ON VALUES('2259', 'T0194', 'Proj42');
INSERT INTO  WORKS_ON VALUES('2676', 'T0136', 'Proj43');
INSERT INTO  WORKS_ON VALUES('1385', 'T0128', 'Proj44');
INSERT INTO  WORKS_ON VALUES('1571', 'T0003', 'Proj45');
INSERT INTO  WORKS_ON VALUES('1004', 'T0005', 'Proj46');
INSERT INTO  WORKS_ON VALUES('1002', 'T0032', 'Proj47');

INSERT INTO  PART_OF VALUES('P117', 'T0148' , NULL);
INSERT INTO  PART_OF VALUES('P117', 'T0113', NULL);
INSERT INTO  PART_OF VALUES('P117', 'T0161', NULL);
INSERT INTO  PART_OF VALUES('P197', 'T0138', NULL);
INSERT INTO  PART_OF VALUES('P197', 'T0176', NULL);
INSERT INTO  PART_OF VALUES('P197', 'T0199', NULL);
INSERT INTO  PART_OF VALUES('P190', 'T0197', NULL);
INSERT INTO  PART_OF VALUES('P190', 'T0165', NULL);
INSERT INTO  PART_OF VALUES('P190', 'T0137', NULL);
INSERT INTO  PART_OF VALUES('P178', 'T0159', NULL);
INSERT INTO  PART_OF VALUES('P178', 'T0105', NULL);
INSERT INTO  PART_OF VALUES('P178', 'T0031', NULL);
INSERT INTO  PART_OF VALUES('P178', 'T0095', NULL);
INSERT INTO  PART_OF VALUES('P135', 'T0013', NULL);
INSERT INTO  PART_OF VALUES('P135', 'T0128', NULL);
INSERT INTO  PART_OF VALUES('P135', 'T0096', NULL);
INSERT INTO  PART_OF VALUES('P135', 'T0186', NULL);
INSERT INTO  PART_OF VALUES('P148', 'T0181', NULL);
INSERT INTO  PART_OF VALUES('P148', 'T0108', NULL);
INSERT INTO  PART_OF VALUES('P148', 'T0080', NULL);
INSERT INTO  PART_OF VALUES('P122', 'T0167', 'Coordinator');
INSERT INTO  PART_OF VALUES('P122', 'T0085', NULL);
INSERT INTO  PART_OF VALUES('P122', 'T0030', NULL);
INSERT INTO  PART_OF VALUES('P137', 'T0031', NULL);
INSERT INTO  PART_OF VALUES('P137', 'T0071', NULL);
INSERT INTO  PART_OF VALUES('P137', 'T0026', NULL);
INSERT INTO  PART_OF VALUES('P137', 'T0012', NULL);
INSERT INTO  PART_OF VALUES('P123', 'T0155', NULL);
INSERT INTO  PART_OF VALUES('P123', 'T0106', NULL);
INSERT INTO  PART_OF VALUES('P123', 'T0160', NULL);
INSERT INTO  PART_OF VALUES('P126', 'T0061', NULL);
INSERT INTO  PART_OF VALUES('P126', 'T0118', NULL);
INSERT INTO  PART_OF VALUES('P126', 'T0060', NULL);
INSERT INTO  PART_OF VALUES('P119', 'T0164', NULL);
INSERT INTO  PART_OF VALUES('P119', 'T0143', NULL);
INSERT INTO  PART_OF VALUES('P119', 'T0161', NULL);
INSERT INTO  PART_OF VALUES('P114', 'T0151', 'Coordinator');
INSERT INTO  PART_OF VALUES('P114', 'T0093', NULL);
INSERT INTO  PART_OF VALUES('P114', 'T0157', NULL);
INSERT INTO  PART_OF VALUES('P114', 'T0196', NULL);
INSERT INTO  PART_OF VALUES('P175', 'T0132', 'Coordinator');
INSERT INTO  PART_OF VALUES('P175', 'T0081', NULL);
INSERT INTO  PART_OF VALUES('P175', 'T0155', NULL);
INSERT INTO  PART_OF VALUES('P175', 'T0145', NULL);
INSERT INTO  PART_OF VALUES('P132', 'T0080', 'Coordinator');
INSERT INTO  PART_OF VALUES('P132', 'T0043', NULL);
INSERT INTO  PART_OF VALUES('P132', 'T0062', NULL);
INSERT INTO  PART_OF VALUES('P128', 'T0004', NULL);
INSERT INTO  PART_OF VALUES('P128', 'T0155', NULL);
INSERT INTO  PART_OF VALUES('P128', 'T0113', NULL);
INSERT INTO  PART_OF VALUES('P177', 'T0177', NULL);
INSERT INTO  PART_OF VALUES('P177', 'T0031', NULL);
INSERT INTO  PART_OF VALUES('P177', 'T0051', NULL);
INSERT INTO  PART_OF VALUES('P173', 'T0051', NULL);
INSERT INTO  PART_OF VALUES('P173', 'T0069', NULL);
INSERT INTO  PART_OF VALUES('P173', 'T0041', NULL);
INSERT INTO  PART_OF VALUES('P173', 'T0151', NULL);
INSERT INTO  PART_OF VALUES('P151', 'T0176', NULL);
INSERT INTO  PART_OF VALUES('P151', 'T0159', NULL);
INSERT INTO  PART_OF VALUES('P151', 'T0105', NULL);
INSERT INTO  PART_OF VALUES('P142', 'T0199', NULL);
INSERT INTO  PART_OF VALUES('P142', 'T0108', NULL);
INSERT INTO  PART_OF VALUES('P142', 'T0128', NULL);
INSERT INTO  PART_OF VALUES('P180', 'T0150', NULL);
INSERT INTO  PART_OF VALUES('P180', 'T0159', NULL);
INSERT INTO  PART_OF VALUES('P180', 'T0113', NULL);
INSERT INTO  PART_OF VALUES('P134', 'T0127', 'Coordinator');
INSERT INTO  PART_OF VALUES('P134', 'T0150', NULL);
INSERT INTO  PART_OF VALUES('P134', 'T0078', NULL);
INSERT INTO  PART_OF VALUES('P134', 'T0137', NULL);
INSERT INTO  PART_OF VALUES('P140', 'T0094', NULL);
INSERT INTO  PART_OF VALUES('P140', 'T0001', NULL);
INSERT INTO  PART_OF VALUES('P140', 'T0159', NULL);
INSERT INTO  PART_OF VALUES('P140', 'T0153', NULL);
INSERT INTO  PART_OF VALUES('P184', 'T0069', NULL);
INSERT INTO  PART_OF VALUES('P184', 'T0167', NULL);
INSERT INTO  PART_OF VALUES('P184', 'T0128', NULL);
INSERT INTO  PART_OF VALUES('P125', 'T0175', NULL);
INSERT INTO  PART_OF VALUES('P125', 'T0128', NULL);
INSERT INTO  PART_OF VALUES('P125', 'T0060', NULL);
INSERT INTO  PART_OF VALUES('P125', 'T0063', NULL);
INSERT INTO  PART_OF VALUES('P118', 'T0054', NULL);
INSERT INTO  PART_OF VALUES('P118', 'T0175', NULL);
INSERT INTO  PART_OF VALUES('P118', 'T0124', NULL);
INSERT INTO  PART_OF VALUES('P118', 'T0043', NULL);
INSERT INTO  PART_OF VALUES('P166', 'T0071', NULL);
INSERT INTO  PART_OF VALUES('P166', 'T0168', NULL);
INSERT INTO  PART_OF VALUES('P166', 'T0001', NULL);
INSERT INTO  PART_OF VALUES('P15', 'T0092', NULL);
INSERT INTO  PART_OF VALUES('P15', 'T0187', NULL);
INSERT INTO  PART_OF VALUES('P15', 'T0189', NULL);
INSERT INTO  PART_OF VALUES('P16', 'T0196', NULL);
INSERT INTO  PART_OF VALUES('P16', 'T0054', NULL);
INSERT INTO  PART_OF VALUES('P16', 'T0128', NULL);
INSERT INTO  PART_OF VALUES('P16', 'T0148', NULL);
INSERT INTO  PART_OF VALUES('P153', 'T0193', NULL);
INSERT INTO  PART_OF VALUES('P153', 'T0135', NULL);
INSERT INTO  PART_OF VALUES('P153', 'T0127', NULL);
INSERT INTO  PART_OF VALUES('P153', 'T0060', NULL);
INSERT INTO  PART_OF VALUES('P146', 'T0007', NULL);
INSERT INTO  PART_OF VALUES('P146', 'T0101', NULL);
INSERT INTO  PART_OF VALUES('P146', 'T0150', NULL);
INSERT INTO  PART_OF VALUES('P146', 'T0062', NULL);
INSERT INTO  PART_OF VALUES('P155', 'T0118', NULL);
INSERT INTO  PART_OF VALUES('P155', 'T0043', NULL);
INSERT INTO  PART_OF VALUES('P155', 'T0095', NULL);
INSERT INTO  PART_OF VALUES('P155', 'T0124', NULL);
INSERT INTO  PART_OF VALUES('P160', 'T0146', NULL);
INSERT INTO  PART_OF VALUES('P160', 'T0148', NULL);
INSERT INTO  PART_OF VALUES('P160', 'T0066', NULL);
INSERT INTO  PART_OF VALUES('P160', 'T0030', NULL);
INSERT INTO  PART_OF VALUES('P115', 'T0056', NULL);
INSERT INTO  PART_OF VALUES('P115', 'T0012', NULL);
INSERT INTO  PART_OF VALUES('P115', 'T0049', NULL);
INSERT INTO  PART_OF VALUES('P162', 'T0075', NULL);
INSERT INTO  PART_OF VALUES('P162', 'T0156', NULL);
INSERT INTO  PART_OF VALUES('P162', 'T0056', NULL);
INSERT INTO  PART_OF VALUES('P189', 'T0089', NULL);
INSERT INTO  PART_OF VALUES('P189', 'T0077', NULL);
INSERT INTO  PART_OF VALUES('P189', 'T0077', NULL);
INSERT INTO  PART_OF VALUES('P189', 'T0013', NULL);
INSERT INTO  PART_OF VALUES('P161', 'T0156', NULL);
INSERT INTO  PART_OF VALUES('P161', 'T0071', NULL);
INSERT INTO  PART_OF VALUES('P161', 'T0003', NULL);
INSERT INTO  PART_OF VALUES('P111', 'T0122', NULL);
INSERT INTO  PART_OF VALUES('P111', 'T0145', NULL);
INSERT INTO  PART_OF VALUES('P111', 'T0196', NULL);
INSERT INTO  PART_OF VALUES('P111', 'T0007', NULL);
INSERT INTO  PART_OF VALUES('P113', 'T0124', NULL);
INSERT INTO  PART_OF VALUES('P113', 'T0178', NULL);
INSERT INTO  PART_OF VALUES('P113', 'T0122', NULL);
INSERT INTO  PART_OF VALUES('P113', 'T0197', NULL);
INSERT INTO  PART_OF VALUES('P188', 'T0152', NULL);
INSERT INTO  PART_OF VALUES('P188', 'T0178', NULL);
INSERT INTO  PART_OF VALUES('P188', 'T0138', NULL);
INSERT INTO  PART_OF VALUES('P188', 'T0198', NULL);
INSERT INTO  PART_OF VALUES('P196', 'T0137', NULL);
INSERT INTO  PART_OF VALUES('P196', 'T0145', NULL);
INSERT INTO  PART_OF VALUES('P196', 'T0041', NULL);
INSERT INTO  PART_OF VALUES('P196', 'T0032', NULL);
INSERT INTO  PART_OF VALUES('P193', 'T0168', NULL);
INSERT INTO  PART_OF VALUES('P193', 'T0012', NULL);
INSERT INTO  PART_OF VALUES('P193', 'T0146', NULL);
INSERT INTO  PART_OF VALUES('P121', 'T0198', 'Coordinator');
INSERT INTO  PART_OF VALUES('P121', 'T0110', NULL);
INSERT INTO  PART_OF VALUES('P121', 'T0124', NULL);
INSERT INTO  PART_OF VALUES('P121', 'T0124', NULL);
INSERT INTO  PART_OF VALUES('P174', 'T0194', NULL);
INSERT INTO  PART_OF VALUES('P174', 'T0155', NULL);
INSERT INTO  PART_OF VALUES('P174', 'T0135', NULL);
INSERT INTO  PART_OF VALUES('P174', 'T0136', NULL);
INSERT INTO  PART_OF VALUES('P18', 'T0136', NULL);
INSERT INTO  PART_OF VALUES('P18', 'T0160', NULL);
INSERT INTO  PART_OF VALUES('P18', 'T0197', NULL);
INSERT INTO  PART_OF VALUES('P18', 'T0081', NULL);
INSERT INTO  PART_OF VALUES('P163', 'T0128', NULL);
INSERT INTO  PART_OF VALUES('P163', 'T0189', NULL);
INSERT INTO  PART_OF VALUES('P163', 'T0005', NULL);
INSERT INTO  PART_OF VALUES('P163', 'T0198', NULL);
INSERT INTO  PART_OF VALUES('P133', 'T0003', NULL);
INSERT INTO  PART_OF VALUES('P133', 'T0061', NULL);
INSERT INTO  PART_OF VALUES('P133', 'T0143', NULL);
INSERT INTO  PART_OF VALUES('P136', 'T0005', NULL);
INSERT INTO  PART_OF VALUES('P136', 'T0150', NULL);
INSERT INTO  PART_OF VALUES('P136', 'T0167', NULL);
INSERT INTO  PART_OF VALUES('P182', 'T0032', NULL);
INSERT INTO  PART_OF VALUES('P182', 'T0178', NULL);
INSERT INTO  PART_OF VALUES('P182', 'T0060', NULL);


select * from Student;
select * from Team;
select * from PROJECT;
select * from TEACHER;
select * from PANEL;
select * from WORKS_ON;
select * from PART_OF;
INSERT INTO INTERNSHIP VALUES('PES1201700882', 'AA');
INSERT INTO INTERNSHIP VALUES('PES1201700646', 'AA');
INSERT INTO INTERNSHIP VALUES('PES1201700944', 'BB');
INSERT INTO INTERNSHIP VALUES('PES1201701528', 'BC');
INSERT INTO INTERNSHIP VALUES('PES1201701350', 'AA');
INSERT INTO INTERNSHIP VALUES('PES1201701375', 'BC');
INSERT INTO INTERNSHIP VALUES('PES1201700026', 'AA');
INSERT INTO INTERNSHIP VALUES('PES1201700179', 'BB');
INSERT INTO INTERNSHIP VALUES('PES1201701578', 'AA');
INSERT INTO INTERNSHIP VALUES('PES1201701189', 'BB');
INSERT INTO INTERNSHIP VALUES('PES1201700425', 'BC');
INSERT INTO INTERNSHIP VALUES('PES1201700885', 'BB');
INSERT INTO INTERNSHIP VALUES('PES1201700155', 'AA');
INSERT INTO INTERNSHIP VALUES('PES1201700274', 'AA');
INSERT INTO INTERNSHIP VALUES('PES1201700316', 'AA');
INSERT INTO INTERNSHIP VALUES('PES1201700227', 'BB');
INSERT INTO INTERNSHIP VALUES('PES1201700044', 'AA');
INSERT INTO INTERNSHIP VALUES('PES1201700263', 'AA');
INSERT INTO INTERNSHIP VALUES('PES1201701274', 'AA');
INSERT INTO INTERNSHIP VALUES('PES1201701137', 'AA');
INSERT INTO INTERNSHIP VALUES('PES1201700558', 'BB');
INSERT INTO INTERNSHIP VALUES('PES120170974', 'BB');
INSERT INTO INTERNSHIP VALUES('PES1201701654', 'BC');
INSERT INTO INTERNSHIP VALUES('PES1201701069', 'BB');
INSERT INTO INTERNSHIP VALUES('PES1201700202', 'AA');
INSERT INTO INTERNSHIP VALUES('PES1201701625', 'AA');
INSERT INTO INTERNSHIP VALUES('PES1201701614', 'BB');
INSERT INTO INTERNSHIP VALUES('PES1201700055', 'BB');
INSERT INTO INTERNSHIP VALUES('PES1201700443', 'BC');
INSERT INTO INTERNSHIP VALUES('PES1201701637', 'BB');
INSERT INTO INTERNSHIP VALUES('PES1201700809', 'BC');
INSERT INTO INTERNSHIP VALUES('PES1201701727', 'AA');
INSERT INTO INTERNSHIP VALUES('PES1201700936', 'BB');
INSERT INTO INTERNSHIP VALUES('PES1201701909', 'BC');
INSERT INTO INTERNSHIP VALUES('PES1201700119', 'AA');
INSERT INTO INTERNSHIP VALUES('PES1201700459', 'BB');
INSERT INTO INTERNSHIP VALUES('PES1201701796', 'BB');
INSERT INTO INTERNSHIP VALUES('PES1201701203', 'BB');
INSERT INTO INTERNSHIP VALUES('PES1201701076', 'BC');
INSERT INTO INTERNSHIP VALUES('PES1201701973', 'AA');
INSERT INTO INTERNSHIP VALUES('PES1201700666', 'BC');
INSERT INTO INTERNSHIP VALUES('PES1201701736', 'BC');
INSERT INTO INTERNSHIP VALUES('PES1201700135', 'BC');
INSERT INTO INTERNSHIP VALUES('PES1201701572', 'AA');
INSERT INTO INTERNSHIP VALUES('PES1201700884', 'BB');
INSERT INTO INTERNSHIP VALUES('PES1201701113', 'BB');
INSERT INTO INTERNSHIP VALUES('PES1201701494', 'BC');
INSERT INTO INTERNSHIP VALUES('PES1201701269', 'BB');
INSERT INTO INTERNSHIP VALUES('PES1201701942', 'BB');
INSERT INTO INTERNSHIP VALUES('PES1201700349', 'AA');
INSERT INTO INTERNSHIP VALUES('PES1201701574', 'AA');
INSERT INTO INTERNSHIP VALUES('PES1201701751', 'BB');
